[{"Variation":120,"Slot":0,"Torso":null,"Undershirt":null,"Texture":0,"Textures":[0],"OnPlayer":false,"IsClothes":false,"Price":0},{"Variation":4,"Slot":0,"Torso":null,"Undershirt":null,"Texture":0,"Textures":[0,1,2,3,4,5],"OnPlayer":false,"IsClothes":false,"Price":100},{"Variation":5,"Slot":0,"Torso":null,"Undershirt":null,"Texture":0,"Textures":[0,1,2,3,4,5],"OnPlayer":false,"IsClothes":false,"Price":100},{"Variation":7,"Slot":0,"Torso":null,"Undershirt":null,"Texture":0,"Textures":[0,1,2,3,4,5],"OnPlayer":false,"IsClothes":false,"Price":100},{"Variation":9,"Slot":0,"Torso":null,"Undershirt":null,"Texture":0,"Textures":[0,1,2,3,4,5],"OnPlayer":false,"IsClothes":false,"Price":100},{"Variation":21,"Slot":0,"Torso":null,"Undershirt":null,"Texture":0,"Textures":[0,1,2,3,4,5],"OnPlayer":false,"IsClothes":false,"Price":100},{"Variation":22,"Slot":0,"Torso":null,"Undershirt":null,"Texture":0,"Textures":[0,1,2,3,4,5],"OnPlayer":false,"IsClothes":false,"Price":100},{"Variation":33,"Slot":0,"Torso":null,"Undershirt":null,"Texture":0,"Textures":[0],"OnPlayer":false,"IsClothes":false,"Price":100},{"Variation":40,"Slot":0,"Torso":null,"Undershirt":null,"Texture":0,"Textures":[0],"OnPlayer":false,"IsClothes":false,"Price":100},{"Variation":41,"Slot":0,"Torso":null,"Undershirt":null,"Texture":0,"Textures":[0,1,2,3],"OnPlayer":false,"IsClothes":false,"Price":100},{"Variation":44,"Slot":0,"Torso":null,"Undershirt":null,"Texture":0,"Textures":[0,1,2,3,4,5],"OnPlayer":false,"IsClothes":false,"Price":100},{"Variation":53,"Slot":0,"Torso":null,"Undershirt":null,"Texture":0,"Textures":[0,1],"OnPlayer":false,"IsClothes":false,"Price":100},{"Variation":55,"Slot":0,"Torso":null,"Undershirt":null,"Texture":0,"Textures":[0,1,2,3,4,5],"OnPlayer":false,"IsClothes":false,"Price":100},{"Variation":56,"Slot":0,"Torso":null,"Undershirt":null,"Texture":0,"Textures":[0,1,2,3,4,5],"OnPlayer":false,"IsClothes":false,"Price":100},{"Variation":58,"Slot":0,"Torso":null,"Undershirt":null,"Texture":0,"Textures":[0,1,2],"OnPlayer":false,"IsClothes":false,"Price":100},{"Variation":64,"Slot":0,"Torso":null,"Undershirt":null,"Texture":0,"Textures":[0],"OnPlayer":false,"IsClothes":false,"Price":100},{"Variation":65,"Slot":0,"Torso":null,"Undershirt":null,"Texture":0,"Textures":[0],"OnPlayer":false,"IsClothes":false,"Price":100},{"Variation":0,"Slot":11,"Torso":0,"Undershirt":3,"Texture":0,"Textures":[0,1,2,3,4,5,6,7,8,9,10,11,12,13,14,15],"OnPlayer":false,"IsClothes":true,"Price":400},{"Variation":2,"Slot":11,"Torso":2,"Undershirt":3,"Texture":0,"Textures":[0,1,2,3,4,5,6,7,8,9,10,11,12,13,14,15],"OnPlayer":false,"IsClothes":true,"Price":400},{"Variation":3,"Slot":11,"Torso":3,"Undershirt":3,"Texture":0,"Textures":[0,1,2,3,4,10,11,12,13,14],"OnPlayer":false,"IsClothes":true,"Price":400},{"Variation":9,"Slot":11,"Torso":0,"Undershirt":3,"Texture":0,"Textures":[0,1,2,3,4,5,6,7,8,9,10,11,12,13,14],"OnPlayer":false,"IsClothes":true,"Price":400},{"Variation":10,"Slot":11,"Torso":5,"Undershirt":21,"Texture":0,"Textures":[0,1,2,7,10,11,13,15],"OnPlayer":false,"IsClothes":true,"Price":400},{"Variation":14,"Slot":11,"Torso":14,"Undershirt":3,"Texture":0,"Textures":[0,1,2,3,4,5,6,7,8,9,10,11,12,13,14,15],"OnPlayer":false,"IsClothes":true,"Price":400},{"Variation":17,"Slot":11,"Torso":0,"Undershirt":3,"Texture":0,"Textures":[0],"OnPlayer":false,"IsClothes":true,"Price":400},{"Variation":28,"Slot":11,"Torso":161,"Undershirt":57,"Texture":0,"Textures":[0,1,2,3,4,5,6,7,8,9,10,11,12,13,14,15],"OnPlayer":false,"IsClothes":true,"Price":400},{"Variation":32,"Slot":11,"Torso":4,"Undershirt":3,"Texture":0,"Textures":[0,1,2],"OnPlayer":false,"IsClothes":true,"Price":400},{"Variation":36,"Slot":11,"Torso":4,"Undershirt":3,"Texture":0,"Textures":[0,1,2,3,4],"OnPlayer":false,"IsClothes":true,"Price":400},{"Variation":49,"Slot":11,"Torso":14,"Undershirt":3,"Texture":0,"Textures":[0,1],"OnPlayer":false,"IsClothes":true,"Price":400},{"Variation":50,"Slot":11,"Torso":14,"Undershirt":3,"Texture":0,"Textures":[0],"OnPlayer":false,"IsClothes":true,"Price":400},{"Variation":54,"Slot":11,"Torso":5,"Undershirt":3,"Texture":0,"Textures":[0,1,2,3],"OnPlayer":false,"IsClothes":true,"Price":400},{"Variation":55,"Slot":11,"Torso":5,"Undershirt":3,"Texture":0,"Textures":[0],"OnPlayer":false,"IsClothes":true,"Price":400},{"Variation":56,"Slot":11,"Torso":14,"Undershirt":3,"Texture":0,"Textures":[0],"OnPlayer":false,"IsClothes":true,"Price":400},{"Variation":63,"Slot":11,"Torso":5,"Undershirt":3,"Texture":0,"Textures":[0,1,2,3,4,5],"OnPlayer":false,"IsClothes":true,"Price":400},{"Variation":71,"Slot":11,"Torso":0,"Undershirt":3,"Texture":0,"Textures":[0,1,2,3,4,5,6,7,8,9,10,11,12,13,14,15],"OnPlayer":false,"IsClothes":true,"Price":400},{"Variation":72,"Slot":11,"Torso":0,"Undershirt":3,"Texture":0,"Textures":[0],"OnPlayer":false,"IsClothes":true,"Price":400},{"Variation":73,"Slot":11,"Torso":14,"Undershirt":3,"Texture":0,"Textures":[0,1,2],"OnPlayer":false,"IsClothes":true,"Price":400},{"Variation":75,"Slot":11,"Torso":9,"Undershirt":3,"Texture":0,"Textures":[0,1,2,3],"OnPlayer":false,"IsClothes":true,"Price":400},{"Variation":76,"Slot":11,"Torso":9,"Undershirt":3,"Texture":0,"Textures":[0,1,2,3,4],"OnPlayer":false,"IsClothes":true,"Price":400},{"Variation":77,"Slot":11,"Torso":9,"Undershirt":3,"Texture":0,"Textures":[0],"OnPlayer":false,"IsClothes":true,"Price":400},{"Variation":78,"Slot":11,"Torso":9,"Undershirt":3,"Texture":0,"Textures":[0,1,2,3,4,5,6,7],"OnPlayer":false,"IsClothes":true,"Price":400},{"Variation":81,"Slot":11,"Torso":9,"Undershirt":3,"Texture":0,"Textures":[0,1,2,3,4,5,6,7,8,9,10,11],"OnPlayer":false,"IsClothes":true,"Price":400},{"Variation":87,"Slot":11,"Torso":9,"Undershirt":3,"Texture":0,"Textures":[0],"OnPlayer":false,"IsClothes":true,"Price":400},{"Variation":96,"Slot":11,"Torso":4,"Undershirt":3,"Texture":0,"Textures":[0],"OnPlayer":false,"IsClothes":true,"Price":400},{"Variation":106,"Slot":11,"Torso":6,"Undershirt":3,"Texture":0,"Textures":[0,1,2,3],"OnPlayer":false,"IsClothes":true,"Price":400},{"Variation":109,"Slot":11,"Torso":6,"Undershirt":3,"Texture":0,"Textures":[0,1,2,3,4,5,6,7,8,9,10,11,12,13,14,15],"OnPlayer":false,"IsClothes":true,"Price":400},{"Variation":121,"Slot":11,"Torso":6,"Undershirt":3,"Texture":0,"Textures":[0,1,2,3,4,5,6,7,8,9,10,11,12,13,14,15,16],"OnPlayer":false,"IsClothes":true,"Price":400},{"Variation":122,"Slot":11,"Torso":2,"Undershirt":3,"Texture":0,"Textures":[0],"OnPlayer":false,"IsClothes":true,"Price":400},{"Variation":125,"Slot":11,"Torso":14,"Undershirt":3,"Texture":0,"Textures":[0,1,2,3,4,5,6,7,8,9],"OnPlayer":false,"IsClothes":true,"Price":400},{"Variation":168,"Slot":11,"Torso":15,"Undershirt":3,"Texture":0,"Textures":[0,1,2,3,4,5],"OnPlayer":false,"IsClothes":true,"Price":400},{"Variation":169,"Slot":11,"Torso":15,"Undershirt":3,"Texture":0,"Textures":[0,1,2,3,4,5],"OnPlayer":false,"IsClothes":true,"Price":400},{"Variation":172,"Slot":11,"Torso":14,"Undershirt":3,"Texture":0,"Textures":[0,1],"OnPlayer":false,"IsClothes":true,"Price":400},{"Variation":186,"Slot":11,"Torso":6,"Undershirt":3,"Texture":0,"Textures":[0,1,2,3],"OnPlayer":false,"IsClothes":true,"Price":400},{"Variation":189,"Slot":11,"Torso":6,"Undershirt":3,"Texture":0,"Textures":[0,1,2,3,4,5,6,7,8,9,10,11,12],"OnPlayer":false,"IsClothes":true,"Price":400},{"Variation":192,"Slot":11,"Torso":5,"Undershirt":3,"Texture":0,"Textures":[0,1,2,3,4,5,6,7,8,9,10,11,12,13,14,15,16,17,18,19,20,21,22,23,24,25],"OnPlayer":false,"IsClothes":true,"Price":400},{"Variation":195,"Slot":11,"Torso":4,"Undershirt":3,"Texture":0,"Textures":[0,1,2,3,4,5,6,7,8,9,10,11,12,13,14,15,16,17,18,19,20,21,22,23,24,25],"OnPlayer":false,"IsClothes":true,"Price":400},{"Variation":200,"Slot":11,"Torso":1,"Undershirt":3,"Texture":0,"Textures":[0,1,2,3,4,5,6,7],"OnPlayer":false,"IsClothes":true,"Price":400},{"Variation":227,"Slot":11,"Torso":3,"Undershirt":3,"Texture":0,"Textures":[0,1,2,3,4,5,6,7,8,9,10,11,12,13,14],"OnPlayer":false,"IsClothes":true,"Price":400},{"Variation":253,"Slot":11,"Torso":1,"Undershirt":3,"Texture":0,"Textures":[0,1,2,3,4,5,6,7,8,9],"OnPlayer":false,"IsClothes":true,"Price":400},{"Variation":262,"Slot":11,"Torso":7,"Undershirt":3,"Texture":0,"Textures":[0,1,2,3,4,5,6,7,8,9,10,11,12,13,14,15,16,17,18,19,20],"OnPlayer":false,"IsClothes":true,"Price":400},{"Variation":0,"Slot":4,"Torso":null,"Undershirt":null,"Texture":0,"Textures":[0,1,2,3,4,5,6,7,8],"OnPlayer":false,"IsClothes":true,"Price":300},{"Variation":1,"Slot":4,"Torso":null,"Undershirt":null,"Texture":0,"Textures":[0,1,2,3,4,5,6,7,8],"OnPlayer":false,"IsClothes":true,"Price":300},{"Variation":2,"Slot":4,"Torso":null,"Undershirt":null,"Texture":0,"Textures":[0,1,2],"OnPlayer":false,"IsClothes":true,"Price":300},{"Variation":3,"Slot":4,"Torso":null,"Undershirt":null,"Texture":0,"Textures":[0,1,2,3,4,5,6,7,8],"OnPlayer":false,"IsClothes":true,"Price":300},{"Variation":4,"Slot":4,"Torso":null,"Undershirt":null,"Texture":0,"Textures":[0,1,2,3,4,5,6,7,8],"OnPlayer":false,"IsClothes":true,"Price":300},{"Variation":11,"Slot":4,"Torso":null,"Undershirt":null,"Texture":0,"Textures":[0,1,2,3,4,5,6,7,8],"OnPlayer":false,"IsClothes":true,"Price":300},{"Variation":12,"Slot":4,"Torso":null,"Undershirt":null,"Texture":0,"Textures":[0,1,2,3,4,5,6,7,8],"OnPlayer":false,"IsClothes":true,"Price":300},{"Variation":14,"Slot":4,"Torso":null,"Undershirt":null,"Texture":0,"Textures":[0,1],"OnPlayer":false,"IsClothes":true,"Price":300},{"Variation":24,"Slot":4,"Torso":null,"Undershirt":null,"Texture":0,"Textures":[0,1,2,3,4,5,6,7,8],"OnPlayer":false,"IsClothes":true,"Price":300},{"Variation":25,"Slot":4,"Torso":null,"Undershirt":null,"Texture":0,"Textures":[0,1,2,3,4,5,6,7,8],"OnPlayer":false,"IsClothes":true,"Price":300},{"Variation":26,"Slot":4,"Torso":null,"Undershirt":null,"Texture":0,"Textures":[0],"OnPlayer":false,"IsClothes":true,"Price":300},{"Variation":28,"Slot":4,"Torso":null,"Undershirt":null,"Texture":0,"Textures":[0],"OnPlayer":false,"IsClothes":true,"Price":300},{"Variation":30,"Slot":4,"Torso":null,"Undershirt":null,"Texture":0,"Textures":[0,1,2,3,4],"OnPlayer":false,"IsClothes":true,"Price":300},{"Variation":37,"Slot":4,"Torso":null,"Undershirt":null,"Texture":0,"Textures":[0,1,2,3,4,5,6],"OnPlayer":false,"IsClothes":true,"Price":300},{"Variation":38,"Slot":4,"Torso":null,"Undershirt":null,"Texture":0,"Textures":[0,1,2,3],"OnPlayer":false,"IsClothes":true,"Price":300},{"Variation":43,"Slot":4,"Torso":null,"Undershirt":null,"Texture":0,"Textures":[0,1,2,3,4],"OnPlayer":false,"IsClothes":true,"Price":300},{"Variation":44,"Slot":4,"Torso":null,"Undershirt":null,"Texture":0,"Textures":[0,1,2,3,4],"OnPlayer":false,"IsClothes":true,"Price":300},{"Variation":45,"Slot":4,"Torso":null,"Undershirt":null,"Texture":0,"Textures":[0,1,2,3],"OnPlayer":false,"IsClothes":true,"Price":300},{"Variation":57,"Slot":4,"Torso":null,"Undershirt":null,"Texture":0,"Textures":[0,1,2,3,4,5,6,7],"OnPlayer":false,"IsClothes":true,"Price":300},{"Variation":58,"Slot":4,"Torso":null,"Undershirt":null,"Texture":0,"Textures":[0,1,2,3],"OnPlayer":false,"IsClothes":true,"Price":300},{"Variation":64,"Slot":4,"Torso":null,"Undershirt":null,"Texture":0,"Textures":[0,1,2,3],"OnPlayer":false,"IsClothes":true,"Price":300},{"Variation":66,"Slot":4,"Torso":null,"Undershirt":null,"Texture":0,"Textures":[0,1,2,3,4,5,6,7,8],"OnPlayer":false,"IsClothes":true,"Price":300},{"Variation":68,"Slot":4,"Torso":null,"Undershirt":null,"Texture":0,"Textures":[0,1,2,3,4,5,6,7,8],"OnPlayer":false,"IsClothes":true,"Price":300},{"Variation":71,"Slot":4,"Torso":null,"Undershirt":null,"Texture":0,"Textures":[0,1,2,3,4,5,6,7,8],"OnPlayer":false,"IsClothes":true,"Price":300},{"Variation":73,"Slot":4,"Torso":null,"Undershirt":null,"Texture":0,"Textures":[0,1,2,3,4,5],"OnPlayer":false,"IsClothes":true,"Price":300},{"Variation":75,"Slot":4,"Torso":null,"Undershirt":null,"Texture":0,"Textures":[0,1,2],"OnPlayer":false,"IsClothes":true,"Price":300},{"Variation":78,"Slot":4,"Torso":null,"Undershirt":null,"Texture":0,"Textures":[0,1,2,3],"OnPlayer":false,"IsClothes":true,"Price":300},{"Variation":80,"Slot":4,"Torso":null,"Undershirt":null,"Texture":0,"Textures":[0,1,2,3,4,5,6,7],"OnPlayer":false,"IsClothes":true,"Price":300},{"Variation":82,"Slot":4,"Torso":null,"Undershirt":null,"Texture":0,"Textures":[0,1,2,3,4,5,6],"OnPlayer":false,"IsClothes":true,"Price":300},{"Variation":87,"Slot":4,"Torso":null,"Undershirt":null,"Texture":0,"Textures":[0,1,2,3,4,5,6,7,8],"OnPlayer":false,"IsClothes":true,"Price":300},{"Variation":97,"Slot":4,"Torso":null,"Undershirt":null,"Texture":0,"Textures":[0,1,2,3,4,5,6,7,8],"OnPlayer":false,"IsClothes":true,"Price":300},{"Variation":1,"Slot":6,"Torso":null,"Undershirt":null,"Texture":0,"Textures":[0,1,2,3,4,5],"OnPlayer":false,"IsClothes":true,"Price":200},{"Variation":3,"Slot":6,"Torso":null,"Undershirt":null,"Texture":0,"Textures":[0,1,2,3,4,5],"OnPlayer":false,"IsClothes":true,"Price":200},{"Variation":4,"Slot":6,"Torso":null,"Undershirt":null,"Texture":0,"Textures":[0,1,2,3],"OnPlayer":false,"IsClothes":true,"Price":200},{"Variation":5,"Slot":6,"Torso":null,"Undershirt":null,"Texture":0,"Textures":[0,1],"OnPlayer":false,"IsClothes":true,"Price":200},{"Variation":10,"Slot":6,"Torso":null,"Undershirt":null,"Texture":0,"Textures":[0,1,2,3],"OnPlayer":false,"IsClothes":true,"Price":200},{"Variation":11,"Slot":6,"Torso":null,"Undershirt":null,"Texture":0,"Textures":[0,1,2,3],"OnPlayer":false,"IsClothes":true,"Price":200},{"Variation":13,"Slot":6,"Torso":null,"Undershirt":null,"Texture":0,"Textures":[0,1,2,3,4,5],"OnPlayer":false,"IsClothes":true,"Price":200},{"Variation":16,"Slot":6,"Torso":null,"Undershirt":null,"Texture":0,"Textures":[0,1,2,3,4,5],"OnPlayer":false,"IsClothes":true,"Price":200},{"Variation":19,"Slot":6,"Torso":null,"Undershirt":null,"Texture":0,"Textures":[0,1,2,3,4,5],"OnPlayer":false,"IsClothes":true,"Price":200},{"Variation":27,"Slot":6,"Torso":null,"Undershirt":null,"Texture":0,"Textures":[0],"OnPlayer":false,"IsClothes":true,"Price":200},{"Variation":32,"Slot":6,"Torso":null,"Undershirt":null,"Texture":0,"Textures":[0,1,2,3,4],"OnPlayer":false,"IsClothes":true,"Price":200},{"Variation":33,"Slot":6,"Torso":null,"Undershirt":null,"Texture":0,"Textures":[0,1,2,3,4,5],"OnPlayer":false,"IsClothes":true,"Price":200},{"Variation":36,"Slot":6,"Torso":null,"Undershirt":null,"Texture":0,"Textures":[0,1],"OnPlayer":false,"IsClothes":true,"Price":200},{"Variation":37,"Slot":6,"Torso":null,"Undershirt":null,"Texture":0,"Textures":[0,1,2,3],"OnPlayer":false,"IsClothes":true,"Price":200},{"Variation":46,"Slot":6,"Torso":null,"Undershirt":null,"Texture":0,"Textures":[0,1,2,3,4,5],"OnPlayer":false,"IsClothes":true,"Price":200},{"Variation":47,"Slot":6,"Torso":null,"Undershirt":null,"Texture":0,"Textures":[0,1,2,3,4,5],"OnPlayer":false,"IsClothes":true,"Price":200},{"Variation":49,"Slot":6,"Torso":null,"Undershirt":null,"Texture":0,"Textures":[0,1],"OnPlayer":false,"IsClothes":true,"Price":200},{"Variation":50,"Slot":6,"Torso":null,"Undershirt":null,"Texture":0,"Textures":[0,1],"OnPlayer":false,"IsClothes":true,"Price":200},{"Variation":53,"Slot":6,"Torso":null,"Undershirt":null,"Texture":0,"Textures":[0,1],"OnPlayer":false,"IsClothes":true,"Price":200},{"Variation":60,"Slot":6,"Torso":null,"Undershirt":null,"Texture":0,"Textures":[0,1,2,3,4,5],"OnPlayer":false,"IsClothes":true,"Price":200},{"Variation":61,"Slot":6,"Torso":null,"Undershirt":null,"Texture":0,"Textures":[0,1,2],"OnPlayer":false,"IsClothes":true,"Price":200},{"Variation":68,"Slot":6,"Torso":null,"Undershirt":null,"Texture":0,"Textures":[0,1,2,3,4,5],"OnPlayer":false,"IsClothes":true,"Price":200}]