[{"Variation":120,"Slot":0,"Torso":null,"Undershirt":null,"Texture":0,"Textures":[0],"OnPlayer":false,"IsClothes":false,"Price":0},{"Variation":7,"Slot":0,"Torso":null,"Undershirt":null,"Texture":0,"Textures":[0,1,2,3,4,5],"OnPlayer":false,"IsClothes":false,"Price":300},{"Variation":12,"Slot":0,"Torso":null,"Undershirt":null,"Texture":0,"Textures":[0],"OnPlayer":false,"IsClothes":false,"Price":300},{"Variation":13,"Slot":0,"Torso":null,"Undershirt":null,"Texture":0,"Textures":[0,1,2,3,4,5],"OnPlayer":false,"IsClothes":false,"Price":300},{"Variation":14,"Slot":0,"Torso":null,"Undershirt":null,"Texture":0,"Textures":[0,1,2,3,4,5],"OnPlayer":false,"IsClothes":false,"Price":300},{"Variation":21,"Slot":0,"Torso":null,"Undershirt":null,"Texture":0,"Textures":[0,1,2,3,4,5],"OnPlayer":false,"IsClothes":false,"Price":300},{"Variation":22,"Slot":0,"Torso":null,"Undershirt":null,"Texture":0,"Textures":[0,1,2,3,4,5],"OnPlayer":false,"IsClothes":false,"Price":300},{"Variation":26,"Slot":0,"Torso":null,"Undershirt":null,"Texture":0,"Textures":[0,1,2,3,4,5],"OnPlayer":false,"IsClothes":false,"Price":300},{"Variation":28,"Slot":0,"Torso":null,"Undershirt":null,"Texture":0,"Textures":[0,1,2,3,4,5],"OnPlayer":false,"IsClothes":false,"Price":300},{"Variation":29,"Slot":0,"Torso":null,"Undershirt":null,"Texture":0,"Textures":[0,1,2,3,4,5],"OnPlayer":false,"IsClothes":false,"Price":300},{"Variation":54,"Slot":0,"Torso":null,"Undershirt":null,"Texture":0,"Textures":[0,1,2,3,4,5],"OnPlayer":false,"IsClothes":false,"Price":300},{"Variation":61,"Slot":0,"Torso":null,"Undershirt":null,"Texture":0,"Textures":[0,1,2,3,4,5],"OnPlayer":false,"IsClothes":false,"Price":300},{"Variation":94,"Slot":0,"Torso":null,"Undershirt":null,"Texture":0,"Textures":[0,1,2,3,4,5],"OnPlayer":false,"IsClothes":false,"Price":300},{"Variation":6,"Slot":11,"Torso":5,"Undershirt":38,"Texture":0,"Textures":[0,1,2,4],"OnPlayer":false,"IsClothes":true,"Price":1200},{"Variation":7,"Slot":11,"Torso":5,"Undershirt":37,"Texture":0,"Textures":[0,1,2,8],"OnPlayer":false,"IsClothes":true,"Price":1200},{"Variation":21,"Slot":11,"Torso":4,"Undershirt":3,"Texture":0,"Textures":[0,1,2,3,4,5],"OnPlayer":false,"IsClothes":true,"Price":1200},{"Variation":23,"Slot":11,"Torso":4,"Undershirt":3,"Texture":0,"Textures":[0,1,2],"OnPlayer":false,"IsClothes":true,"Price":1200},{"Variation":24,"Slot":11,"Torso":5,"Undershirt":38,"Texture":0,"Textures":[0,1,2,3,4,5,6,7,8,9,10,11],"OnPlayer":false,"IsClothes":true,"Price":1200},{"Variation":25,"Slot":11,"Torso":5,"Undershirt":39,"Texture":0,"Textures":[0,1,2,3,4,5,6,7,8,9,10],"OnPlayer":false,"IsClothes":true,"Price":1200},{"Variation":26,"Slot":11,"Torso":12,"Undershirt":3,"Texture":0,"Textures":[0,1,2,3,4,5,6,7,8,9,10,11,12],"OnPlayer":false,"IsClothes":true,"Price":1200},{"Variation":27,"Slot":11,"Torso":0,"Undershirt":3,"Texture":0,"Textures":[0,1,2,3,4,5],"OnPlayer":false,"IsClothes":true,"Price":1200},{"Variation":35,"Slot":11,"Torso":5,"Undershirt":22,"Texture":0,"Textures":[0,1,2,3,4,5,6,7,8,9,10,11],"OnPlayer":false,"IsClothes":true,"Price":1200},{"Variation":37,"Slot":11,"Torso":4,"Undershirt":3,"Texture":0,"Textures":[0,1,2,3,4,5],"OnPlayer":false,"IsClothes":true,"Price":1200},{"Variation":51,"Slot":11,"Torso":3,"Undershirt":41,"Texture":0,"Textures":[0],"OnPlayer":false,"IsClothes":true,"Price":1200},{"Variation":52,"Slot":11,"Torso":3,"Undershirt":59,"Texture":0,"Textures":[0,1,2,3],"OnPlayer":false,"IsClothes":true,"Price":1200},{"Variation":53,"Slot":11,"Torso":5,"Undershirt":60,"Texture":0,"Textures":[0,1,2,3],"OnPlayer":false,"IsClothes":true,"Price":1200},{"Variation":58,"Slot":11,"Torso":5,"Undershirt":5,"Texture":0,"Textures":[0,1,2,3,4,5,6,7,8],"OnPlayer":false,"IsClothes":true,"Price":1200},{"Variation":61,"Slot":11,"Torso":3,"Undershirt":3,"Texture":0,"Textures":[0,1,2,3],"OnPlayer":false,"IsClothes":true,"Price":1200},{"Variation":64,"Slot":11,"Torso":5,"Undershirt":71,"Texture":0,"Textures":[0,1,2,3,4],"OnPlayer":false,"IsClothes":true,"Price":1200},{"Variation":65,"Slot":11,"Torso":5,"Undershirt":57,"Texture":0,"Textures":[0,1,2,3,4,5,6,7,8,9,10,11],"OnPlayer":false,"IsClothes":true,"Price":1200},{"Variation":66,"Slot":11,"Torso":6,"Undershirt":51,"Texture":0,"Textures":[0,1,2,3],"OnPlayer":false,"IsClothes":true,"Price":1200},{"Variation":70,"Slot":11,"Torso":0,"Undershirt":57,"Texture":0,"Textures":[0,1,2,3,4],"OnPlayer":false,"IsClothes":true,"Price":1200},{"Variation":90,"Slot":11,"Torso":6,"Undershirt":47,"Texture":0,"Textures":[0,1,2,3,4],"OnPlayer":false,"IsClothes":true,"Price":1200},{"Variation":93,"Slot":11,"Torso":5,"Undershirt":21,"Texture":0,"Textures":[0,1,2,3],"OnPlayer":false,"IsClothes":true,"Price":1200},{"Variation":99,"Slot":11,"Torso":5,"Undershirt":46,"Texture":0,"Textures":[0,1,2,3,4,5,6,7,8,9,10],"OnPlayer":false,"IsClothes":true,"Price":1200},{"Variation":107,"Slot":11,"Torso":6,"Undershirt":47,"Texture":0,"Textures":[0],"OnPlayer":false,"IsClothes":true,"Price":1200},{"Variation":113,"Slot":11,"Torso":4,"Undershirt":3,"Texture":0,"Textures":[0,1,2],"OnPlayer":false,"IsClothes":true,"Price":1200},{"Variation":139,"Slot":11,"Torso":5,"Undershirt":38,"Texture":0,"Textures":[0,1,2],"OnPlayer":false,"IsClothes":true,"Price":1200},{"Variation":198,"Slot":11,"Torso":1,"Undershirt":3,"Texture":0,"Textures":[0,1,2,3,4,5,6,7,8,9,10,11,12],"OnPlayer":false,"IsClothes":true,"Price":1200},{"Variation":6,"Slot":4,"Torso":null,"Undershirt":null,"Texture":0,"Textures":[0,1,2],"OnPlayer":false,"IsClothes":true,"Price":900},{"Variation":7,"Slot":4,"Torso":null,"Undershirt":null,"Texture":0,"Textures":[0,1,2],"OnPlayer":false,"IsClothes":true,"Price":900},{"Variation":18,"Slot":4,"Torso":null,"Undershirt":null,"Texture":0,"Textures":[0,1],"OnPlayer":false,"IsClothes":true,"Price":900},{"Variation":19,"Slot":4,"Torso":null,"Undershirt":null,"Texture":0,"Textures":[0,1,2,3,4],"OnPlayer":false,"IsClothes":true,"Price":900},{"Variation":20,"Slot":4,"Torso":null,"Undershirt":null,"Texture":0,"Textures":[0,1,2],"OnPlayer":false,"IsClothes":true,"Price":900},{"Variation":21,"Slot":4,"Torso":null,"Undershirt":null,"Texture":0,"Textures":[0],"OnPlayer":false,"IsClothes":true,"Price":900},{"Variation":23,"Slot":4,"Torso":null,"Undershirt":null,"Texture":0,"Textures":[0,1,2,3,4,5,6,7,8],"OnPlayer":false,"IsClothes":true,"Price":900},{"Variation":27,"Slot":4,"Torso":null,"Undershirt":null,"Texture":0,"Textures":[0,1,2,3,4,5,6,7,8],"OnPlayer":false,"IsClothes":true,"Price":900},{"Variation":36,"Slot":4,"Torso":null,"Undershirt":null,"Texture":0,"Textures":[0,1,2,3],"OnPlayer":false,"IsClothes":true,"Price":900},{"Variation":47,"Slot":4,"Torso":null,"Undershirt":null,"Texture":0,"Textures":[0,1,2,3,4,5,6],"OnPlayer":false,"IsClothes":true,"Price":900},{"Variation":50,"Slot":4,"Torso":null,"Undershirt":null,"Texture":0,"Textures":[0,1,2,3,4],"OnPlayer":false,"IsClothes":true,"Price":900},{"Variation":51,"Slot":4,"Torso":null,"Undershirt":null,"Texture":0,"Textures":[0,1,2,3,4],"OnPlayer":false,"IsClothes":true,"Price":900},{"Variation":52,"Slot":4,"Torso":null,"Undershirt":null,"Texture":0,"Textures":[0,1,2,3],"OnPlayer":false,"IsClothes":true,"Price":900},{"Variation":54,"Slot":4,"Torso":null,"Undershirt":null,"Texture":0,"Textures":[0,1,2],"OnPlayer":false,"IsClothes":true,"Price":900},{"Variation":55,"Slot":4,"Torso":null,"Undershirt":null,"Texture":0,"Textures":[0],"OnPlayer":false,"IsClothes":true,"Price":900},{"Variation":84,"Slot":4,"Torso":null,"Undershirt":null,"Texture":0,"Textures":[0,1,2,3,4,5,6,7,8],"OnPlayer":false,"IsClothes":true,"Price":900},{"Variation":85,"Slot":4,"Torso":null,"Undershirt":null,"Texture":0,"Textures":[0,1,2,3],"OnPlayer":false,"IsClothes":true,"Price":900},{"Variation":0,"Slot":6,"Torso":null,"Undershirt":null,"Texture":0,"Textures":[0],"OnPlayer":false,"IsClothes":true,"Price":200},{"Variation":6,"Slot":6,"Torso":null,"Undershirt":null,"Texture":0,"Textures":[0,1,2,3],"OnPlayer":false,"IsClothes":true,"Price":200},{"Variation":7,"Slot":6,"Torso":null,"Undershirt":null,"Texture":0,"Textures":[0,1,2,3,4,5],"OnPlayer":false,"IsClothes":true,"Price":200},{"Variation":8,"Slot":6,"Torso":null,"Undershirt":null,"Texture":0,"Textures":[0,1,2,3,4,5],"OnPlayer":false,"IsClothes":true,"Price":200},{"Variation":14,"Slot":6,"Torso":null,"Undershirt":null,"Texture":0,"Textures":[0,1,2,3,4,5],"OnPlayer":false,"IsClothes":true,"Price":200},{"Variation":15,"Slot":6,"Torso":null,"Undershirt":null,"Texture":0,"Textures":[0,1,2,3,4,5],"OnPlayer":false,"IsClothes":true,"Price":200},{"Variation":22,"Slot":6,"Torso":null,"Undershirt":null,"Texture":0,"Textures":[0,1,2,3,4,5],"OnPlayer":false,"IsClothes":true,"Price":200},{"Variation":23,"Slot":6,"Torso":null,"Undershirt":null,"Texture":0,"Textures":[0,1,2],"OnPlayer":false,"IsClothes":true,"Price":200},{"Variation":30,"Slot":6,"Torso":null,"Undershirt":null,"Texture":0,"Textures":[0],"OnPlayer":false,"IsClothes":true,"Price":200},{"Variation":31,"Slot":6,"Torso":null,"Undershirt":null,"Texture":0,"Textures":[0],"OnPlayer":false,"IsClothes":true,"Price":200},{"Variation":43,"Slot":6,"Torso":null,"Undershirt":null,"Texture":0,"Textures":[0,1,2,3,4,5],"OnPlayer":false,"IsClothes":true,"Price":200},{"Variation":44,"Slot":6,"Torso":null,"Undershirt":null,"Texture":0,"Textures":[0,1,2,3,4,5],"OnPlayer":false,"IsClothes":true,"Price":200},{"Variation":58,"Slot":6,"Torso":null,"Undershirt":null,"Texture":0,"Textures":[0,1,2,3,4,5,6,7,8,9,10],"OnPlayer":false,"IsClothes":true,"Price":200}]