[{"Variation":11,"Slot":0,"Torso":null,"Undershirt":null,"Texture":0,"Textures":[0],"OnPlayer":false,"IsClothes":false,"Price":0},{"Variation":2,"Slot":0,"Torso":null,"Undershirt":null,"Texture":0,"Textures":[0,1,2,3,4,5,6,7],"OnPlayer":false,"IsClothes":false,"Price":100},{"Variation":4,"Slot":0,"Torso":null,"Undershirt":null,"Texture":0,"Textures":[0,1],"OnPlayer":false,"IsClothes":false,"Price":100},{"Variation":5,"Slot":0,"Torso":null,"Undershirt":null,"Texture":0,"Textures":[0,1],"OnPlayer":false,"IsClothes":false,"Price":300},{"Variation":6,"Slot":0,"Torso":null,"Undershirt":null,"Texture":0,"Textures":[0,1,2,3,4,5,6,7],"OnPlayer":false,"IsClothes":false,"Price":100},{"Variation":7,"Slot":0,"Torso":null,"Undershirt":null,"Texture":0,"Textures":[0,1,2,3,4,5,6,7],"OnPlayer":false,"IsClothes":false,"Price":100},{"Variation":14,"Slot":0,"Torso":null,"Undershirt":null,"Texture":0,"Textures":[0,1,2,3,4,5,6,7],"OnPlayer":false,"IsClothes":false,"Price":100},{"Variation":20,"Slot":0,"Torso":null,"Undershirt":null,"Texture":0,"Textures":[0,1,2,3,4,5],"OnPlayer":false,"IsClothes":false,"Price":100},{"Variation":28,"Slot":0,"Torso":null,"Undershirt":null,"Texture":0,"Textures":[0,1,2,3,4,5],"OnPlayer":false,"IsClothes":false,"Price":100},{"Variation":34,"Slot":0,"Torso":null,"Undershirt":null,"Texture":0,"Textures":[0],"OnPlayer":false,"IsClothes":false,"Price":100},{"Variation":41,"Slot":0,"Torso":null,"Undershirt":null,"Texture":0,"Textures":[0],"OnPlayer":false,"IsClothes":false,"Price":100},{"Variation":44,"Slot":0,"Torso":null,"Undershirt":null,"Texture":0,"Textures":[0,1,2,3,4,5,6,7],"OnPlayer":false,"IsClothes":false,"Price":100},{"Variation":45,"Slot":0,"Torso":null,"Undershirt":null,"Texture":0,"Textures":[0,1,2,3,4,5,6,7],"OnPlayer":false,"IsClothes":false,"Price":100},{"Variation":54,"Slot":0,"Torso":null,"Undershirt":null,"Texture":0,"Textures":[0],"OnPlayer":false,"IsClothes":false,"Price":100},{"Variation":55,"Slot":0,"Torso":null,"Undershirt":null,"Texture":0,"Textures":[0,1,2,3,4,5,6,7,8,9,10,11,12,13,14,15,16,17,18,19,20,21,22,23,24,25],"OnPlayer":false,"IsClothes":false,"Price":100},{"Variation":56,"Slot":0,"Torso":null,"Undershirt":null,"Texture":0,"Textures":[0,1,2,3,4,5,6,7,8,9],"OnPlayer":false,"IsClothes":false,"Price":100},{"Variation":58,"Slot":0,"Torso":null,"Undershirt":null,"Texture":0,"Textures":[0,1,2],"OnPlayer":false,"IsClothes":false,"Price":100},{"Variation":60,"Slot":0,"Torso":null,"Undershirt":null,"Texture":0,"Textures":[0,1,2,3,4,5,6,7,8,9],"OnPlayer":false,"IsClothes":false,"Price":100},{"Variation":65,"Slot":0,"Torso":null,"Undershirt":null,"Texture":0,"Textures":[0],"OnPlayer":false,"IsClothes":false,"Price":100},{"Variation":94,"Slot":0,"Torso":null,"Undershirt":null,"Texture":0,"Textures":[0,1,2,3,4,5,6,7,8,9],"OnPlayer":false,"IsClothes":false,"Price":100},{"Variation":96,"Slot":0,"Torso":null,"Undershirt":null,"Texture":0,"Textures":[0,1,2,3,4,5,6,7,8,9,10,11,12,13,14,15],"OnPlayer":false,"IsClothes":false,"Price":100},{"Variation":120,"Slot":0,"Torso":null,"Undershirt":null,"Texture":0,"Textures":[0,1,2,3,4,5,6,7,8,9,10,11,12,13,14,15,16,17,18,19,20,21,22,23,24,25],"OnPlayer":false,"IsClothes":false,"Price":100},{"Variation":0,"Slot":11,"Torso":0,"Undershirt":57,"Texture":0,"Textures":[0,1,2,3,4,5],"OnPlayer":false,"IsClothes":true,"Price":400},{"Variation":1,"Slot":11,"Torso":0,"Undershirt":57,"Texture":0,"Textures":[0,1,3,4,5,6,7,8,11],"OnPlayer":false,"IsClothes":true,"Price":400},{"Variation":5,"Slot":11,"Torso":5,"Undershirt":57,"Texture":0,"Textures":[0,1,2,7],"OnPlayer":false,"IsClothes":true,"Price":400},{"Variation":6,"Slot":11,"Torso":14,"Undershirt":24,"Texture":0,"Textures":[0,1,3,4,5,6,8],"OnPlayer":false,"IsClothes":true,"Price":400},{"Variation":8,"Slot":11,"Torso":8,"Undershirt":57,"Texture":0,"Textures":[0,10,13,14],"OnPlayer":false,"IsClothes":true,"Price":400},{"Variation":14,"Slot":11,"Torso":12,"Undershirt":57,"Texture":0,"Textures":[0,1,3,4,5,6,7,8,9,10,11,12,13,14],"OnPlayer":false,"IsClothes":true,"Price":400},{"Variation":16,"Slot":11,"Torso":0,"Undershirt":57,"Texture":0,"Textures":[0,1,2],"OnPlayer":false,"IsClothes":true,"Price":400},{"Variation":17,"Slot":11,"Torso":5,"Undershirt":57,"Texture":0,"Textures":[0,1,2,3,4,5],"OnPlayer":false,"IsClothes":true,"Price":400},{"Variation":22,"Slot":11,"Torso":0,"Undershirt":57,"Texture":0,"Textures":[0,1,2],"OnPlayer":false,"IsClothes":true,"Price":400},{"Variation":33,"Slot":11,"Torso":0,"Undershirt":57,"Texture":0,"Textures":[0],"OnPlayer":false,"IsClothes":true,"Price":400},{"Variation":36,"Slot":11,"Torso":5,"Undershirt":57,"Texture":0,"Textures":[0,1,2,3,4,5],"OnPlayer":false,"IsClothes":true,"Price":400},{"Variation":37,"Slot":11,"Torso":14,"Undershirt":24,"Texture":0,"Textures":[0,1,2],"OnPlayer":false,"IsClothes":true,"Price":400},{"Variation":38,"Slot":11,"Torso":8,"Undershirt":57,"Texture":0,"Textures":[0,1,2,3,4],"OnPlayer":false,"IsClothes":true,"Price":400},{"Variation":39,"Slot":11,"Torso":0,"Undershirt":57,"Texture":0,"Textures":[0,1],"OnPlayer":false,"IsClothes":true,"Price":400},{"Variation":41,"Slot":11,"Torso":12,"Undershirt":57,"Texture":0,"Textures":[0,1,2,3],"OnPlayer":false,"IsClothes":true,"Price":400},{"Variation":47,"Slot":11,"Torso":0,"Undershirt":57,"Texture":0,"Textures":[0,1],"OnPlayer":false,"IsClothes":true,"Price":400},{"Variation":56,"Slot":11,"Torso":0,"Undershirt":57,"Texture":0,"Textures":[0],"OnPlayer":false,"IsClothes":true,"Price":400},{"Variation":57,"Slot":11,"Torso":0,"Undershirt":57,"Texture":0,"Textures":[0],"OnPlayer":false,"IsClothes":true,"Price":400},{"Variation":61,"Slot":11,"Torso":0,"Undershirt":57,"Texture":0,"Textures":[0,1,2,3],"OnPlayer":false,"IsClothes":true,"Price":400},{"Variation":65,"Slot":11,"Torso":14,"Undershirt":57,"Texture":0,"Textures":[0,1,2,3],"OnPlayer":false,"IsClothes":true,"Price":400},{"Variation":69,"Slot":11,"Torso":14,"Undershirt":24,"Texture":0,"Textures":[0,1,2,3,4,5],"OnPlayer":false,"IsClothes":true,"Price":400},{"Variation":80,"Slot":11,"Torso":0,"Undershirt":57,"Texture":0,"Textures":[0,1,2],"OnPlayer":false,"IsClothes":true,"Price":400},{"Variation":84,"Slot":11,"Torso":1,"Undershirt":57,"Texture":0,"Textures":[0,1,2,3,4,5],"OnPlayer":false,"IsClothes":true,"Price":400},{"Variation":85,"Slot":11,"Torso":1,"Undershirt":57,"Texture":0,"Textures":[0],"OnPlayer":false,"IsClothes":true,"Price":400},{"Variation":86,"Slot":11,"Torso":1,"Undershirt":57,"Texture":0,"Textures":[0,1,2,3,4],"OnPlayer":false,"IsClothes":true,"Price":400},{"Variation":87,"Slot":11,"Torso":1,"Undershirt":57,"Texture":0,"Textures":[0,1,2,3,4,5,6,7,8,9,10,11],"OnPlayer":false,"IsClothes":true,"Price":400},{"Variation":107,"Slot":11,"Torso":14,"Undershirt":57,"Texture":0,"Textures":[0,1,2,3,4],"OnPlayer":false,"IsClothes":true,"Price":400},{"Variation":124,"Slot":11,"Torso":14,"Undershirt":24,"Texture":0,"Textures":[0],"OnPlayer":false,"IsClothes":true,"Price":400},{"Variation":125,"Slot":11,"Torso":14,"Undershirt":57,"Texture":0,"Textures":[0],"OnPlayer":false,"IsClothes":true,"Price":400},{"Variation":126,"Slot":11,"Torso":1,"Undershirt":57,"Texture":0,"Textures":[0,1,2,3,4,5,6,7,8,9,10,11,12,13,14],"OnPlayer":false,"IsClothes":true,"Price":400},{"Variation":128,"Slot":11,"Torso":0,"Undershirt":57,"Texture":0,"Textures":[0,1,2,3,4,5,6,7,8,9],"OnPlayer":false,"IsClothes":true,"Price":400},{"Variation":137,"Slot":11,"Torso":15,"Undershirt":57,"Texture":0,"Textures":[0,1,2],"OnPlayer":false,"IsClothes":true,"Price":400},{"Variation":143,"Slot":11,"Torso":14,"Undershirt":57,"Texture":0,"Textures":[0,1,2,3,4,5,6,7,8,9],"OnPlayer":false,"IsClothes":true,"Price":400},{"Variation":193,"Slot":11,"Torso":0,"Undershirt":57,"Texture":0,"Textures":[0,1,2,3,4,5,6,7,8,9,10,11,12,13,14,15,16,17,18,19,20,21,22,23,24,25],"OnPlayer":false,"IsClothes":true,"Price":400},{"Variation":200,"Slot":11,"Torso":1,"Undershirt":57,"Texture":0,"Textures":[0,1,2,3,4,5,6,7,8,9,10,11,12,13,14,15,16,17,18,19,20,21,22,23,24,25],"OnPlayer":false,"IsClothes":true,"Price":400},{"Variation":225,"Slot":11,"Torso":8,"Undershirt":57,"Texture":0,"Textures":[0,1],"OnPlayer":false,"IsClothes":true,"Price":400},{"Variation":0,"Slot":4,"Torso":null,"Undershirt":null,"Texture":0,"Textures":[0,1,2,3,4,5,6,7,8],"OnPlayer":false,"IsClothes":true,"Price":300},{"Variation":1,"Slot":4,"Torso":null,"Undershirt":null,"Texture":0,"Textures":[0,1,2,3,4,5,6,7,8],"OnPlayer":false,"IsClothes":true,"Price":300},{"Variation":3,"Slot":4,"Torso":null,"Undershirt":null,"Texture":0,"Textures":[0,1,2,3,4,5,6,7,8],"OnPlayer":false,"IsClothes":true,"Price":300},{"Variation":5,"Slot":4,"Torso":null,"Undershirt":null,"Texture":0,"Textures":[0,1,2,3,4,5,6,7,8],"OnPlayer":false,"IsClothes":true,"Price":300},{"Variation":6,"Slot":4,"Torso":null,"Undershirt":null,"Texture":0,"Textures":[0,1,2],"OnPlayer":false,"IsClothes":true,"Price":300},{"Variation":7,"Slot":4,"Torso":null,"Undershirt":null,"Texture":0,"Textures":[0,1,2,3,4,5,6,7,8],"OnPlayer":false,"IsClothes":true,"Price":300},{"Variation":9,"Slot":4,"Torso":null,"Undershirt":null,"Texture":0,"Textures":[0,1,2,3,4,5,6,7,8],"OnPlayer":false,"IsClothes":true,"Price":300},{"Variation":14,"Slot":4,"Torso":null,"Undershirt":null,"Texture":0,"Textures":[0,1,3],"OnPlayer":false,"IsClothes":true,"Price":300},{"Variation":15,"Slot":4,"Torso":null,"Undershirt":null,"Texture":0,"Textures":[0,1,2,3,4,5,6,7,8],"OnPlayer":false,"IsClothes":true,"Price":300},{"Variation":16,"Slot":4,"Torso":null,"Undershirt":null,"Texture":0,"Textures":[0,1,2,3,4,5,6,7,8],"OnPlayer":false,"IsClothes":true,"Price":300},{"Variation":17,"Slot":4,"Torso":null,"Undershirt":null,"Texture":0,"Textures":[0,1,2,3,4,5,6,7,8],"OnPlayer":false,"IsClothes":true,"Price":300},{"Variation":23,"Slot":4,"Torso":null,"Undershirt":null,"Texture":0,"Textures":[0,1,2,3,4,5,6,7,8],"OnPlayer":false,"IsClothes":true,"Price":300},{"Variation":26,"Slot":4,"Torso":null,"Undershirt":null,"Texture":0,"Textures":[0,1,2,3,4,5,6,7,8],"OnPlayer":false,"IsClothes":true,"Price":300},{"Variation":27,"Slot":4,"Torso":null,"Undershirt":null,"Texture":0,"Textures":[0,1,2,3,4,5,6,7,8],"OnPlayer":false,"IsClothes":true,"Price":300},{"Variation":29,"Slot":4,"Torso":null,"Undershirt":null,"Texture":0,"Textures":[0,1,2],"OnPlayer":false,"IsClothes":true,"Price":300},{"Variation":30,"Slot":4,"Torso":null,"Undershirt":null,"Texture":0,"Textures":[0],"OnPlayer":false,"IsClothes":true,"Price":300},{"Variation":32,"Slot":4,"Torso":null,"Undershirt":null,"Texture":0,"Textures":[0,1,2,3],"OnPlayer":false,"IsClothes":true,"Price":300},{"Variation":34,"Slot":4,"Torso":null,"Undershirt":null,"Texture":0,"Textures":[0],"OnPlayer":false,"IsClothes":true,"Price":300},{"Variation":43,"Slot":4,"Torso":null,"Undershirt":null,"Texture":0,"Textures":[0,1],"OnPlayer":false,"IsClothes":true,"Price":300},{"Variation":54,"Slot":4,"Torso":null,"Undershirt":null,"Texture":0,"Textures":[0,1,2,3,4,5,6],"OnPlayer":false,"IsClothes":true,"Price":300},{"Variation":62,"Slot":4,"Torso":null,"Undershirt":null,"Texture":0,"Textures":[0,1,2],"OnPlayer":false,"IsClothes":true,"Price":300},{"Variation":63,"Slot":4,"Torso":null,"Undershirt":null,"Texture":0,"Textures":[0],"OnPlayer":false,"IsClothes":true,"Price":300},{"Variation":64,"Slot":4,"Torso":null,"Undershirt":null,"Texture":0,"Textures":[0,1,2,3,4,5,6,7,8],"OnPlayer":false,"IsClothes":true,"Price":300},{"Variation":66,"Slot":4,"Torso":null,"Undershirt":null,"Texture":0,"Textures":[0,1,2,3,4,5,6,7,8],"OnPlayer":false,"IsClothes":true,"Price":300},{"Variation":69,"Slot":4,"Torso":null,"Undershirt":null,"Texture":0,"Textures":[0,1,2,3,4,5,6,7,8],"OnPlayer":false,"IsClothes":true,"Price":300},{"Variation":75,"Slot":4,"Torso":null,"Undershirt":null,"Texture":0,"Textures":[0,1,2,3,4,5,6,7,8],"OnPlayer":false,"IsClothes":true,"Price":300},{"Variation":76,"Slot":4,"Torso":null,"Undershirt":null,"Texture":0,"Textures":[0,1,2,3,4,5,6,7],"OnPlayer":false,"IsClothes":true,"Price":300},{"Variation":80,"Slot":4,"Torso":null,"Undershirt":null,"Texture":0,"Textures":[0,1,2,3,4,5,6,7,8],"OnPlayer":false,"IsClothes":true,"Price":300},{"Variation":96,"Slot":4,"Torso":null,"Undershirt":null,"Texture":0,"Textures":[0,1],"OnPlayer":false,"IsClothes":true,"Price":300},{"Variation":98,"Slot":4,"Torso":null,"Undershirt":null,"Texture":0,"Textures":[0,1,2,3,4,5,6,7,8],"OnPlayer":false,"IsClothes":true,"Price":300},{"Variation":1,"Slot":6,"Torso":null,"Undershirt":null,"Texture":0,"Textures":[0,1,2,3,4,5,6,7,8,9,10,11,12,13,14,15],"OnPlayer":false,"IsClothes":true,"Price":200},{"Variation":4,"Slot":6,"Torso":null,"Undershirt":null,"Texture":0,"Textures":[0,1,2],"OnPlayer":false,"IsClothes":true,"Price":200},{"Variation":5,"Slot":6,"Torso":null,"Undershirt":null,"Texture":0,"Textures":[0,1,2,3],"OnPlayer":false,"IsClothes":true,"Price":200},{"Variation":6,"Slot":6,"Torso":null,"Undershirt":null,"Texture":0,"Textures":[0,1],"OnPlayer":false,"IsClothes":true,"Price":200},{"Variation":9,"Slot":6,"Torso":null,"Undershirt":null,"Texture":0,"Textures":[0,1,2,3,4,5,6,7,8,9,10,11,12,13,14,15],"OnPlayer":false,"IsClothes":true,"Price":200},{"Variation":12,"Slot":6,"Torso":null,"Undershirt":null,"Texture":0,"Textures":[0,1,2,3,4,5,6,7,8,9,10,11,12,13,14,15],"OnPlayer":false,"IsClothes":true,"Price":200},{"Variation":22,"Slot":6,"Torso":null,"Undershirt":null,"Texture":0,"Textures":[0],"OnPlayer":false,"IsClothes":true,"Price":200},{"Variation":29,"Slot":6,"Torso":null,"Undershirt":null,"Texture":0,"Textures":[0],"OnPlayer":false,"IsClothes":true,"Price":200},{"Variation":31,"Slot":6,"Torso":null,"Undershirt":null,"Texture":0,"Textures":[0,1,2,3,4],"OnPlayer":false,"IsClothes":true,"Price":200},{"Variation":32,"Slot":6,"Torso":null,"Undershirt":null,"Texture":0,"Textures":[0,1,2,3,4,5,6,7,8,9],"OnPlayer":false,"IsClothes":true,"Price":200},{"Variation":42,"Slot":6,"Torso":null,"Undershirt":null,"Texture":0,"Textures":[0,1,2,3,4,5,6,7],"OnPlayer":false,"IsClothes":true,"Price":200},{"Variation":43,"Slot":6,"Torso":null,"Undershirt":null,"Texture":0,"Textures":[0,1,2,3,4,5,6,7],"OnPlayer":false,"IsClothes":true,"Price":200},{"Variation":46,"Slot":6,"Torso":null,"Undershirt":null,"Texture":0,"Textures":[0,1],"OnPlayer":false,"IsClothes":true,"Price":200},{"Variation":48,"Slot":6,"Torso":null,"Undershirt":null,"Texture":0,"Textures":[0,1],"OnPlayer":false,"IsClothes":true,"Price":200}]