[{"Variation":11,"Slot":0,"Torso":null,"Undershirt":null,"Texture":0,"Textures":[0],"OnPlayer":false,"IsClothes":false,"Price":0},{"Variation":21,"Slot":0,"Torso":null,"Undershirt":null,"Texture":0,"Textures":[0,1,2,3,4,5,6,7],"OnPlayer":false,"IsClothes":false,"Price":300},{"Variation":25,"Slot":0,"Torso":null,"Undershirt":null,"Texture":0,"Textures":[0,1,2],"OnPlayer":false,"IsClothes":false,"Price":300},{"Variation":26,"Slot":0,"Torso":null,"Undershirt":null,"Texture":0,"Textures":[0,1,2,3,4,5,6,7],"OnPlayer":false,"IsClothes":false,"Price":300},{"Variation":27,"Slot":0,"Torso":null,"Undershirt":null,"Texture":0,"Textures":[0,1,2,3,4,5,6,7,8,9,10,11,12,13],"OnPlayer":false,"IsClothes":false,"Price":300},{"Variation":29,"Slot":0,"Torso":null,"Undershirt":null,"Texture":0,"Textures":[0,1,2,3,4,5,6,7],"OnPlayer":false,"IsClothes":false,"Price":300},{"Variation":30,"Slot":0,"Torso":null,"Undershirt":null,"Texture":0,"Textures":[0,1],"OnPlayer":false,"IsClothes":false,"Price":300},{"Variation":61,"Slot":0,"Torso":null,"Undershirt":null,"Texture":0,"Textures":[0,1,2,3,4,5,6,7,8,9],"OnPlayer":false,"IsClothes":false,"Price":300},{"Variation":64,"Slot":0,"Torso":null,"Undershirt":null,"Texture":0,"Textures":[0,1,2,3,4,5,6,7,8,9,10,11],"OnPlayer":false,"IsClothes":false,"Price":300},{"Variation":95,"Slot":0,"Torso":null,"Undershirt":null,"Texture":0,"Textures":[0,1,2,3,4,5,6,7,8,9],"OnPlayer":false,"IsClothes":false,"Price":300},{"Variation":4,"Slot":11,"Torso":14,"Undershirt":13,"Texture":0,"Textures":[0,2,3,11,14],"OnPlayer":false,"IsClothes":true,"Price":1200},{"Variation":10,"Slot":11,"Torso":4,"Undershirt":31,"Texture":0,"Textures":[0,1,2],"OnPlayer":false,"IsClothes":true,"Price":1200},{"Variation":11,"Slot":11,"Torso":11,"Undershirt":7,"Texture":0,"Textures":[0,1,7,14],"OnPlayer":false,"IsClothes":true,"Price":1200},{"Variation":13,"Slot":11,"Torso":11,"Undershirt":57,"Texture":0,"Textures":[0,1,2,3,5,13],"OnPlayer":false,"IsClothes":true,"Price":1200},{"Variation":20,"Slot":11,"Torso":1,"Undershirt":74,"Texture":0,"Textures":[0,1,2,3],"OnPlayer":false,"IsClothes":true,"Price":1200},{"Variation":23,"Slot":11,"Torso":14,"Undershirt":37,"Texture":0,"Textures":[0,1,2,3],"OnPlayer":false,"IsClothes":true,"Price":1200},{"Variation":24,"Slot":11,"Torso":14,"Undershirt":39,"Texture":0,"Textures":[0,1,2,3,4,5,6,7,8,9,10,11,12],"OnPlayer":false,"IsClothes":true,"Price":1200},{"Variation":29,"Slot":11,"Torso":1,"Undershirt":33,"Texture":0,"Textures":[0,1,2,3,4,5,6,7],"OnPlayer":false,"IsClothes":true,"Price":1200},{"Variation":35,"Slot":11,"Torso":14,"Undershirt":25,"Texture":0,"Textures":[0,1,2,3,4,5,6],"OnPlayer":false,"IsClothes":true,"Price":1200},{"Variation":42,"Slot":11,"Torso":11,"Undershirt":57,"Texture":0,"Textures":[0],"OnPlayer":false,"IsClothes":true,"Price":1200},{"Variation":59,"Slot":11,"Torso":14,"Undershirt":26,"Texture":0,"Textures":[0,1,2,3],"OnPlayer":false,"IsClothes":true,"Price":1200},{"Variation":70,"Slot":11,"Torso":0,"Undershirt":41,"Texture":0,"Textures":[0,1,2,3,4,5,6,7,8,9,10,11],"OnPlayer":false,"IsClothes":true,"Price":1200},{"Variation":71,"Slot":11,"Torso":0,"Undershirt":57,"Texture":0,"Textures":[0],"OnPlayer":false,"IsClothes":true,"Price":1200},{"Variation":72,"Slot":11,"Torso":0,"Undershirt":39,"Texture":0,"Textures":[0,1,2,3],"OnPlayer":false,"IsClothes":true,"Price":1200},{"Variation":76,"Slot":11,"Torso":0,"Undershirt":2,"Texture":0,"Textures":[0,1,2,3,4],"OnPlayer":false,"IsClothes":true,"Price":1200},{"Variation":77,"Slot":11,"Torso":14,"Undershirt":38,"Texture":0,"Textures":[0,1,2,3],"OnPlayer":false,"IsClothes":true,"Price":1200},{"Variation":78,"Slot":11,"Torso":14,"Undershirt":57,"Texture":0,"Textures":[0,1,2,3,4,5,6,7,8,9,10,11,12,13,14,15],"OnPlayer":false,"IsClothes":true,"Price":1200},{"Variation":99,"Slot":11,"Torso":4,"Undershirt":72,"Texture":0,"Textures":[0,1,2,3,4],"OnPlayer":false,"IsClothes":true,"Price":1200},{"Variation":100,"Slot":11,"Torso":14,"Undershirt":69,"Texture":0,"Textures":[0,1,2,3,4],"OnPlayer":false,"IsClothes":true,"Price":1200},{"Variation":108,"Slot":11,"Torso":1,"Undershirt":72,"Texture":0,"Textures":[0,1,2,3,4,5,6,7,8,9,10],"OnPlayer":false,"IsClothes":true,"Price":1200},{"Variation":115,"Slot":11,"Torso":14,"Undershirt":4,"Texture":0,"Textures":[0],"OnPlayer":false,"IsClothes":true,"Price":1200},{"Variation":119,"Slot":11,"Torso":14,"Undershirt":39,"Texture":0,"Textures":[0,1,2,3,4,5,6,7,8,9,10,11],"OnPlayer":false,"IsClothes":true,"Price":1200},{"Variation":133,"Slot":11,"Torso":11,"Undershirt":57,"Texture":0,"Textures":[0],"OnPlayer":false,"IsClothes":true,"Price":1200},{"Variation":183,"Slot":11,"Torso":1,"Undershirt":36,"Texture":0,"Textures":[0,1,2,3,4,5],"OnPlayer":false,"IsClothes":true,"Price":1200},{"Variation":8,"Slot":4,"Torso":null,"Undershirt":null,"Texture":0,"Textures":[0,3,4],"OnPlayer":false,"IsClothes":true,"Price":900},{"Variation":10,"Slot":4,"Torso":null,"Undershirt":null,"Texture":0,"Textures":[0,1,2],"OnPlayer":false,"IsClothes":true,"Price":900},{"Variation":12,"Slot":4,"Torso":null,"Undershirt":null,"Texture":0,"Textures":[0,4,5,7],"OnPlayer":false,"IsClothes":true,"Price":900},{"Variation":13,"Slot":4,"Torso":null,"Undershirt":null,"Texture":0,"Textures":[0,1,2],"OnPlayer":false,"IsClothes":true,"Price":900},{"Variation":19,"Slot":4,"Torso":null,"Undershirt":null,"Texture":0,"Textures":[0,1],"OnPlayer":false,"IsClothes":true,"Price":900},{"Variation":20,"Slot":4,"Torso":null,"Undershirt":null,"Texture":0,"Textures":[0,1,2],"OnPlayer":false,"IsClothes":true,"Price":900},{"Variation":22,"Slot":4,"Torso":null,"Undershirt":null,"Texture":0,"Textures":[0,1,2,3,4,5,6,7,8],"OnPlayer":false,"IsClothes":true,"Price":900},{"Variation":24,"Slot":4,"Torso":null,"Undershirt":null,"Texture":0,"Textures":[0,1,2,3,4,5,6],"OnPlayer":false,"IsClothes":true,"Price":900},{"Variation":25,"Slot":4,"Torso":null,"Undershirt":null,"Texture":0,"Textures":[0,1,2,3,4,5,6],"OnPlayer":false,"IsClothes":true,"Price":900},{"Variation":28,"Slot":4,"Torso":null,"Undershirt":null,"Texture":0,"Textures":[0,2,3,4,5,6,7,8],"OnPlayer":false,"IsClothes":true,"Price":900},{"Variation":48,"Slot":4,"Torso":null,"Undershirt":null,"Texture":0,"Textures":[0,1,2,3,4],"OnPlayer":false,"IsClothes":true,"Price":900},{"Variation":49,"Slot":4,"Torso":null,"Undershirt":null,"Texture":0,"Textures":[0,1,2,3,4],"OnPlayer":false,"IsClothes":true,"Price":900},{"Variation":52,"Slot":4,"Torso":null,"Undershirt":null,"Texture":0,"Textures":[0,1,2,3],"OnPlayer":false,"IsClothes":true,"Price":900},{"Variation":54,"Slot":4,"Torso":null,"Undershirt":null,"Texture":0,"Textures":[0,1,2,3,4,5,6],"OnPlayer":false,"IsClothes":true,"Price":900},{"Variation":58,"Slot":4,"Torso":null,"Undershirt":null,"Texture":0,"Textures":[0,1,2],"OnPlayer":false,"IsClothes":true,"Price":900},{"Variation":60,"Slot":4,"Torso":null,"Undershirt":null,"Texture":0,"Textures":[0,1,2,3,4,5,6,7],"OnPlayer":false,"IsClothes":true,"Price":900},{"Variation":78,"Slot":4,"Torso":null,"Undershirt":null,"Texture":0,"Textures":[0,2,3,4,5,6,7],"OnPlayer":false,"IsClothes":true,"Price":900},{"Variation":82,"Slot":4,"Torso":null,"Undershirt":null,"Texture":0,"Textures":[0,1,2,3,4,5,6,7,8],"OnPlayer":false,"IsClothes":true,"Price":900},{"Variation":3,"Slot":6,"Torso":null,"Undershirt":null,"Texture":0,"Textures":[0,1,2,3,4,5,6,7,8,9,10,11,12,13,14,15],"OnPlayer":false,"IsClothes":true,"Price":800},{"Variation":10,"Slot":6,"Torso":null,"Undershirt":null,"Texture":0,"Textures":[0,12,14],"OnPlayer":false,"IsClothes":true,"Price":800},{"Variation":15,"Slot":6,"Torso":null,"Undershirt":null,"Texture":0,"Textures":[0,1,2,3,4,5,6,7,8,9,10,11,12,13,14,15],"OnPlayer":false,"IsClothes":true,"Price":800},{"Variation":18,"Slot":6,"Torso":null,"Undershirt":null,"Texture":0,"Textures":[0,1],"OnPlayer":false,"IsClothes":true,"Price":800},{"Variation":19,"Slot":6,"Torso":null,"Undershirt":null,"Texture":0,"Textures":[0],"OnPlayer":false,"IsClothes":true,"Price":800},{"Variation":20,"Slot":6,"Torso":null,"Undershirt":null,"Texture":0,"Textures":[0,1,2,3,4,5,6,7,8,9,10,11],"OnPlayer":false,"IsClothes":true,"Price":800},{"Variation":38,"Slot":6,"Torso":null,"Undershirt":null,"Texture":0,"Textures":[0,1,2,3,4],"OnPlayer":false,"IsClothes":true,"Price":800},{"Variation":40,"Slot":6,"Torso":null,"Undershirt":null,"Texture":0,"Textures":[0,1,2,3,4,5,6,7,8,9,10,11],"OnPlayer":false,"IsClothes":true,"Price":800},{"Variation":41,"Slot":6,"Torso":null,"Undershirt":null,"Texture":0,"Textures":[0],"OnPlayer":false,"IsClothes":true,"Price":800},{"Variation":51,"Slot":6,"Torso":null,"Undershirt":null,"Texture":0,"Textures":[0,1,2,3,4,5],"OnPlayer":false,"IsClothes":true,"Price":800},{"Variation":54,"Slot":6,"Torso":null,"Undershirt":null,"Texture":0,"Textures":[0,1,2,3,4,5],"OnPlayer":false,"IsClothes":true,"Price":800},{"Variation":55,"Slot":6,"Torso":null,"Undershirt":null,"Texture":0,"Textures":[0,1,2,3,4,5,6,7,8,9,10],"OnPlayer":false,"IsClothes":true,"Price":800}]